tvcl,tvvc,tvq,tvvp,tvka,tvfs,ωcl,ωvc,ωfs,σ²pk,tvimax,tvic50,tvkout,tvsdma0,ωsdma0,σ²sdma,tvmtt,tvslope,tvγ,tvcirc0,ωslope,ωγ,ωcirc0,σ²plt
9.943786553496961,186.72103551230467,24.935059956098105,291.1511814992601,2.640106373860892,0.6175655751444917,0.3486090689337348,0.5493901023059605,0.0012400755978380787,0.10387101284859379,0.8285293522169858,0.5045541402383212,0.006958762848999821,114.03636698091412,0.24459685868419248,0.013705542854294402,135.43568776407696,0.005591939444767954,0.21978970430806669,237.18715718504603,0.71694721931531,0.5090858511917036,0.2736701887578288,0.027221503259295076
